status_checking_account,duration_month,credit_history,purpose,credit_amount,savings_account_bond,present_employment_since,installment_rate,personal_status_sex,other_debtors,present_residence_since,property,age,other_installment_plans,housing,number_existing_credits,job,num_people_liable,telephone,foreign_worker,risk
-0.8365809583463515,,,,,,,,,,,,,,,,,,,,
-0.039837188492683404,,,,,,,,,,,,,,,,,,,,
0.646055274250909,,,,,,,,,,,,,,,,,,,,
-0.9786091955811357,,,,,,,,,,,,,,,,,,,,
-1.148350259593439,,,,,,,,,,,,,,,,,,,,
1.3804451838551597,,,,,,,,,,,,,,,,,,,,
1.047891262524933,,,,,,,,,,,,,,,,,,,,
-0.1818654257274677,,,,,,,,,,,,,,,,,,,,
0.5213475537520741,,,,,,,,,,,,,,,,,,,,
-0.20611414915779674,,,,,,,,,,,,,,,,,,,,
-0.7465142713194151,,,,,,,,,,,,,,,,,,,,
-0.9127912319845284,,,,,,,,,,,,,,,,,,,,
-0.673768101028428,,,,,,,,,,,,,,,,,,,,
-1.1379579495518692,,,,,,,,,,,,,,,,,,,,
-1.5120811110483743,,,,,,,,,,,,,,,,,,,,
-1.1829912930653375,,,,,,,,,,,,,,,,,,,,
1.2245605332316158,,,,,,,,,,,,,,,,,,,,
-1.099852812732781,,,,,,,,,,,,,,,,,,,,
-0.3689270064757202,,,,,,,,,,,,,,,,,,,,
1.1067810194271606,,,,,,,,,,,,,,,,,,,,
1.7164632085325762,,,,,,,,,,,,,,,,,,,,
-0.8746860951654399,,,,,,,,,,,,,,,,,,,,
-1.7233914152269558,,,,,,,,,,,,,,,,,,,,
-0.62527065416777,,,,,,,,,,,,,,,,,,,,
0.4139603499891884,,,,,,,,,,,,,,,,,,,,
-0.8816143018598196,,,,,,,,,,,,,,,,,,,,
1.5397939378258931,,,,,,,,,,,,,,,,,,,,
0.17147311568589813,,,,,,,,,,,,,,,,,,,,
0.057157705228632706,,,,,,,,,,,,,,,,,,,,
-0.822724544957592,,,,,,,,,,,,,,,,,,,,
-0.49709883032174507,,,,,,,,,,,,,,,,,,,,
-1.1933836031069072,,,,,,,,,,,,,,,,,,,,
-0.5386680704880233,,,,,,,,,,,,,,,,,,,,
0.6633757909868584,,,,,,,,,,,,,,,,,,,,
0.18532952907465755,,,,,,,,,,,,,,,,,,,,
-0.09526284204772117,,,,,,,,,,,,,,,,,,,,
1.522473421089944,,,,,,,,,,,,,,,,,,,,
0.2511474926712649,,,,,,,,,,,,,,,,,,,,
0.16108080564432853,,,,,,,,,,,,,,,,,,,,
0.12297566882524007,,,,,,,,,,,,,,,,,,,,
1.3007708068697927,,,,,,,,,,,,,,,,,,,,
-0.6876245144171874,,,,,,,,,,,,,,,,,,,,
-0.4763142102386059,,,,,,,,,,,,,,,,,,,,
-1.0686758826080722,,,,,,,,,,,,,,,,,,,,
-0.9093271286373386,,,,,,,,,,,,,,,,,,,,
0.424352660030758,,,,,,,,,,,,,,,,,,,,
1.3631246671192103,,,,,,,,,,,,,,,,,,,,
-0.8850784052070095,,,,,,,,,,,,,,,,,,,,
0.42781676337794783,,,,,,,,,,,,,,,,,,,,
0.5074911403633147,,,,,,,,,,,,,,,,,,,,
-0.31696545626787226,,,,,,,,,,,,,,,,,,,,
-0.2546115960184548,,,,,,,,,,,,,,,,,,,,
0.49709883032174507,,,,,,,,,,,,,,,,,,,,
0.8088681315688325,,,,,,,,,,,,,,,,,,,,
-0.1472243922555691,,,,,,,,,,,,,,,,,,,,
1.5432580411730832,,,,,,,,,,,,,,,,,,,,
-0.6633757909868584,,,,,,,,,,,,,,,,,,,,
1.4462631474517669,,,,,,,,,,,,,,,,,,,,
0.24075518262969534,,,,,,,,,,,,,,,,,,,,
-0.9924656089698952,,,,,,,,,,,,,,,,,,,,
0.13336797886680965,,,,,,,,,,,,,,,,,,,,
-0.5629167939183524,,,,,,,,,,,,,,,,,,,,
-0.19572183911622715,,,,,,,,,,,,,,,,,,,,
-0.08140642865896174,,,,,,,,,,,,,,,,,,,,
1.099852812732781,,,,,,,,,,,,,,,,,,,,
1.269593876745084,,,,,,,,,,,,,,,,,,,,
0.5144193470576943,,,,,,,,,,,,,,,,,,,,
-0.7534424780137948,,,,,,,,,,,,,,,,,,,,
1.3769810805079699,,,,,,,,,,,,,,,,,,,,
1.3665887704664001,,,,,,,,,,,,,,,,,,,,
1.3527323570776408,,,,,,,,,,,,,,,,,,,,
1.6679657616719181,,,,,,,,,,,,,,,,,,,,
-0.8123322349160224,,,,,,,,,,,,,,,,,,,,
-0.10565515208929076,,,,,,,,,,,,,,,,,,,,
-1.0132502290530343,,,,,,,,,,,,,,,,,,,,
-1.5363298344787033,,,,,,,,,,,,,,,,,,,,
-0.9751450922339459,,,,,,,,,,,,,,,,,,,,
-0.7672988914025543,,,,,,,,,,,,,,,,,,,,
1.5328657311315135,,,,,,,,,,,,,,,,,,,,
-0.23036287258812577,,,,,,,,,,,,,,,,,,,,
1.1137092261215402,,,,,,,,,,,,,,,,,,,,
0.7188014445418962,,,,,,,,,,,,,,,,,,,,
0.8539014750823007,,,,,,,,,,,,,,,,,,,,
-1.221096429884426,,,,,,,,,,,,,,,,,,,,
-1.7303196219213355,,,,,,,,,,,,,,,,,,,,
0.6668398943340482,,,,,,,,,,,,,,,,,,,,
-0.46245779684984645,,,,,,,,,,,,,,,,,,,,
-0.15761670229713867,,,,,,,,,,,,,,,,,,,,
-1.4462631474517669,,,,,,,,,,,,,,,,,,,,
-1.7026067951438166,,,,,,,,,,,,,,,,,,,,
0.62180655082058,,,,,,,,,,,,,,,,,,,,
-1.5397939378258931,,,,,,,,,,,,,,,,,,,,
0.6287347575149598,,,,,,,,,,,,,,,,,,,,
0.2892526294903534,,,,,,,,,,,,,,,,,,,,
-0.7430501679722252,,,,,,,,,,,,,,,,,,,,
-0.019052568409544234,,,,,,,,,,,,,,,,,,,,
0.6425911709037192,,,,,,,,,,,,,,,,,,,,
-0.49017062362736535,,,,,,,,,,,,,,,,,,,,
-0.11951156547805021,,,,,,,,,,,,,,,,,,,,
-0.424352660030758,,,,,,,,,,,,,,,,,,,,
0.9993938156642749,,,,,,,,,,,,,,,,,,,,
-0.17147311568589813,,,,,,,,,,,,,,,,,,,,
1.6021477980753107,,,,,,,,,,,,,,,,,,,,
0.1368320822139995,,,,,,,,,,,,,,,,,,,,
0.47285010689141604,,,,,,,,,,,,,,,,,,,,
-0.29271673283754324,,,,,,,,,,,,,,,,,,,,
0.7950117181800731,,,,,,,,,,,,,,,,,,,,
-0.7361219612778455,,,,,,,,,,,,,,,,,,,,
-1.1864553964125275,,,,,,,,,,,,,,,,,,,,
-0.6010219307374409,,,,,,,,,,,,,,,,,,,,
0.025980775103923957,,,,,,,,,,,,,,,,,,,,
0.22343466589374603,,,,,,,,,,,,,,,,,,,,
-0.5352039671408335,,,,,,,,,,,,,,,,,,,,
1.4220144240214379,,,,,,,,,,,,,,,,,,,,
-1.6021477980753107,,,,,,,,,,,,,,,,,,,,
1.5190093177427542,,,,,,,,,,,,,,,,,,,,
-0.971680988886756,,,,,,,,,,,,,,,,,,,,
-1.719927311879766,,,,,,,,,,,,,,,,,,,,
-1.0652117792608822,,,,,,,,,,,,,,,,,,,,
-0.6356629642093395,,,,,,,,,,,,,,,,,,,,
-1.3319477369945016,,,,,,,,,,,,,,,,,,,,
1.1829912930653375,,,,,,,,,,,,,,,,,,,,
0.49017062362736535,,,,,,,,,,,,,,,,,,,,
0.16454490899151838,,,,,,,,,,,,,,,,,,,,
-0.5248116570992639,,,,,,,,,,,,,,,,,,,,
-1.5605785579090323,,,,,,,,,,,,,,,,,,,,
-1.5917554880337412,,,,,,,,,,,,,,,,,,,,
-0.6564475842924786,,,,,,,,,,,,,,,,,,,,
-0.62180655082058,,,,,,,,,,,,,,,,,,,,
-1.5501862478674628,,,,,,,,,,,,,,,,,,,,
-0.06062180857582257,,,,,,,,,,,,,,,,,,,,
-1.0097861257058445,,,,,,,,,,,,,,,,,,,,
0.7153373411947063,,,,,,,,,,,,,,,,,,,,
0.8157963382632123,,,,,,,,,,,,,,,,,,,,
1.6541093482831586,,,,,,,,,,,,,,,,,,,,
0.6010219307374409,,,,,,,,,,,,,,,,,,,,
1.2730579800922739,,,,,,,,,,,,,,,,,,,,
-0.6599116876396686,,,,,,,,,,,,,,,,,,,,
-0.5594526905711625,,,,,,,,,,,,,,,,,,,,
0.19572183911622715,,,,,,,,,,,,,,,,,,,,
0.33428597300382157,,,,,,,,,,,,,,,,,,,,
-0.16454490899151838,,,,,,,,,,,,,,,,,,,,
-1.1137092261215402,,,,,,,,,,,,,,,,,,,,
-1.425478527368628,,,,,,,,,,,,,,,,,,,,
0.9786091955811357,,,,,,,,,,,,,,,,,,,,
-0.07101411861739215,,,,,,,,,,,,,,,,,,,,
-0.846973268387921,,,,,,,,,,,,,,,,,,,,
0.573309103959922,,,,,,,,,,,,,,,,,,,,
-0.995929712317085,,,,,,,,,,,,,,,,,,,,
0.9093271286373386,,,,,,,,,,,,,,,,,,,,
1.5744349712977919,,,,,,,,,,,,,,,,,,,,
0.4001039366004289,,,,,,,,,,,,,,,,,,,,
0.32042955961506214,,,,,,,,,,,,,,,,,,,,
-0.2961808361847331,,,,,,,,,,,,,,,,,,,,
-0.30310904287911283,,,,,,,,,,,,,,,,,,,,
-1.647181141588779,,,,,,,,,,,,,,,,,,,,
-0.7846194081385035,,,,,,,,,,,,,,,,,,,,
-1.6887503817550573,,,,,,,,,,,,,,,,,,,,
-0.3758552131700999,,,,,,,,,,,,,,,,,,,,
1.6402529348943993,,,,,,,,,,,,,,,,,,,,
1.2384169466203754,,,,,,,,,,,,,,,,,,,,
0.8746860951654399,,,,,,,,,,,,,,,,,,,,
0.7326578579306556,,,,,,,,,,,,,,,,,,,,
-0.7776912014441238,,,,,,,,,,,,,,,,,,,,
1.345804150383261,,,,,,,,,,,,,,,,,,,,
1.5675067646034122,,,,,,,,,,,,,,,,,,,,
-1.4324067340630076,,,,,,,,,,,,,,,,,,,,
-0.7707629947497441,,,,,,,,,,,,,,,,,,,,
1.0548194692193127,,,,,,,,,,,,,,,,,,,,
-0.2753962161015939,,,,,,,,,,,,,,,,,,,,
-1.515545214395564,,,,,,,,,,,,,,,,,,,,
0.4936347269745552,,,,,,,,,,,,,,,,,,,,
-0.32042955961506214,,,,,,,,,,,,,,,,,,,,
0.07101411861739215,,,,,,,,,,,,,,,,,,,,
-1.321555426952932,,,,,,,,,,,,,,,,,,,,
1.2903784968282233,,,,,,,,,,,,,,,,,,,,
-1.6298606248528296,,,,,,,,,,,,,,,,,,,,
-0.8296527516519717,,,,,,,,,,,,,,,,,,,,
0.5040270370161247,,,,,,,,,,,,,,,,,,,,
-1.3146272202585523,,,,,,,,,,,,,,,,,,,,
1.4116221139798684,,,,,,,,,,,,,,,,,,,,
-0.13336797886680965,,,,,,,,,,,,,,,,,,,,
-1.3423400470360711,,,,,,,,,,,,,,,,,,,,
1.2072400164956665,,,,,,,,,,,,,,,,,,,,
-0.46592190019703633,,,,,,,,,,,,,,,,,,,,
0.7742270980969339,,,,,,,,,,,,,,,,,,,,
0.08487053200615159,,,,,,,,,,,,,,,,,,,,
-0.5525244838767829,,,,,,,,,,,,,,,,,,,,
-1.595219591380931,,,,,,,,,,,,,,,,,,,,
-0.5455962771824031,,,,,,,,,,,,,,,,,,,,
1.1275656395102998,,,,,,,,,,,,,,,,,,,,
-0.07794232531177188,,,,,,,,,,,,,,,,,,,,
-0.2580756993656447,,,,,,,,,,,,,,,,,,,,
1.5813631779921715,,,,,,,,,,,,,,,,,,,,
-0.1021910487421009,,,,,,,,,,,,,,,,,,,,
0.1472243922555691,,,,,,,,,,,,,,,,,,,,
1.6298606248528296,,,,,,,,,,,,,,,,,,,,
-0.7049450311531367,,,,,,,,,,,,,,,,,,,,
-0.36546290312853036,,,,,,,,,,,,,,,,,,,,
-0.47977831358579576,,,,,,,,,,,,,,,,,,,,
1.7303196219213355,,,,,,,,,,,,,,,,,,,,
-1.6852862784078675,,,,,,,,,,,,,,,,,,,,
1.2765220834394637,,,,,,,,,,,,,,,,,,,,
-1.5675067646034122,,,,,,,,,,,,,,,,,,,,
0.5698450006127321,,,,,,,,,,,,,,,,,,,,
-1.072139985955262,,,,,,,,,,,,,,,,,,,,
0.5906296206958713,,,,,,,,,,,,,,,,,,,,
-0.6114142407790105,,,,,,,,,,,,,,,,,,,,
-1.1552784662878186,,,,,,,,,,,,,,,,,,,,
0.46938600354422616,,,,,,,,,,,,,,,,,,,,
1.7233914152269558,,,,,,,,,,,,,,,,,,,,
1.3735169771607798,,,,,,,,,,,,,,,,,,,,
-1.1171733294687303,,,,,,,,,,,,,,,,,,,,
0.299644939531923,,,,,,,,,,,,,,,,,,,,
1.442799044104577,,,,,,,,,,,,,,,,,,,,
0.029444878451113817,,,,,,,,,,,,,,,,,,,,
-1.4635836641877162,,,,,,,,,,,,,,,,,,,,
0.31003724957349255,,,,,,,,,,,,,,,,,,,,
-1.2072400164956665,,,,,,,,,,,,,,,,,,,,
0.3758552131700999,,,,,,,,,,,,,,,,,,,,
-0.6668398943340482,,,,,,,,,,,,,,,,,,,,
-1.5778990746449817,,,,,,,,,,,,,,,,,,,,
0.5282757604464539,,,,,,,,,,,,,,,,,,,,
1.1518143629406288,,,,,,,,,,,,,,,,,,,,
0.7049450311531367,,,,,,,,,,,,,,,,,,,,
1.3388759436888813,,,,,,,,,,,,,,,,,,,,
-0.050229498534252986,,,,,,,,,,,,,,,,,,,,
-1.6125401081168802,,,,,,,,,,,,,,,,,,,,
1.6922144851022471,,,,,,,,,,,,,,,,,,,,
-1.2037759131484767,,,,,,,,,,,,,,,,,,,,
0.31350135292068243,,,,,,,,,,,,,,,,,,,,
1.671429865019108,,,,,,,,,,,,,,,,,,,,
0.5109552437105045,,,,,,,,,,,,,,,,,,,,
-0.5074911403633147,,,,,,,,,,,,,,,,,,,,
1.473975974229286,,,,,,,,,,,,,,,,,,,,
-1.1760630863709578,,,,,,,,,,,,,,,,,,,,
-0.008660258367974653,,,,,,,,,,,,,,,,,,,,
-0.4104962466419985,,,,,,,,,,,,,,,,,,,,
0.6044860340846308,,,,,,,,,,,,,,,,,,,,
-1.0790681926496417,,,,,,,,,,,,,,,,,,,,
-1.2418810499675652,,,,,,,,,,,,,,,,,,,,
1.5778990746449817,,,,,,,,,,,,,,,,,,,,
-0.9508963688036168,,,,,,,,,,,,,,,,,,,,
0.6599116876396686,,,,,,,,,,,,,,,,,,,,
0.4382090734195174,,,,,,,,,,,,,,,,,,,,
1.12410153616311,,,,,,,,,,,,,,,,,,,,
0.62527065416777,,,,,,,,,,,,,,,,,,,,
1.5363298344787033,,,,,,,,,,,,,,,,,,,,
0.2650039060600244,,,,,,,,,,,,,,,,,,,,
0.8435091650407311,,,,,,,,,,,,,,,,,,,,
-0.8504373717351109,,,,,,,,,,,,,,,,,,,,
0.18879363242184743,,,,,,,,,,,,,,,,,,,,
-0.23729107928250548,,,,,,,,,,,,,,,,,,,,
1.1448861562462491,,,,,,,,,,,,,,,,,,,,
0.09872694539491104,,,,,,,,,,,,,,,,,,,,
0.04676539518706312,,,,,,,,,,,,,,,,,,,,
1.2349528432731856,,,,,,,,,,,,,,,,,,,,
-1.695678588449437,,,,,,,,,,,,,,,,,,,,
0.7014809278059468,,,,,,,,,,,,,,,,,,,,
0.4312808667251377,,,,,,,,,,,,,,,,,,,,
-1.6367888315472092,,,,,,,,,,,,,,,,,,,,
-1.1795271897181476,,,,,,,,,,,,,,,,,,,,
-1.37005287381359,,,,,,,,,,,,,,,,,,,,
0.649519377598099,,,,,,,,,,,,,,,,,,,,
0.4104962466419985,,,,,,,,,,,,,,,,,,,,
-0.5802373106543017,,,,,,,,,,,,,,,,,,,,
1.449727250798957,,,,,,,,,,,,,,,,,,,,
1.0790681926496417,,,,,,,,,,,,,,,,,,,,
-1.5190093177427542,,,,,,,,,,,,,,,,,,,,
1.1171733294687303,,,,,,,,,,,,,,,,,,,,
0.8019399248744529,,,,,,,,,,,,,,,,,,,,
0.5837014140014916,,,,,,,,,,,,,,,,,,,,
-0.07447822196458201,,,,,,,,,,,,,,,,,,,,
-0.04676539518706312,,,,,,,,,,,,,,,,,,,,
-1.0756040893024519,,,,,,,,,,,,,,,,,,,,
1.695678588449437,,,,,,,,,,,,,,,,,,,,
0.9197194386789082,,,,,,,,,,,,,,,,,,,,
-1.6506452449359688,,,,,,,,,,,,,,,,,,,,
1.570970867950602,,,,,,,,,,,,,,,,,,,,
1.0859963993440214,,,,,,,,,,,,,,,,,,,,
0.7569065813609847,,,,,,,,,,,,,,,,,,,,
0.4832424169329856,,,,,,,,,,,,,,,,,,,,
0.23729107928250548,,,,,,,,,,,,,,,,,,,,
0.7603706847081745,,,,,,,,,,,,,,,,,,,,
-0.299644939531923,,,,,,,,,,,,,,,,,,,,
-0.9543604721508067,,,,,,,,,,,,,,,,,,,,
-0.9301117487204776,,,,,,,,,,,,,,,,,,,,
-0.03290898179830368,,,,,,,,,,,,,,,,,,,,
-0.698016824458757,,,,,,,,,,,,,,,,,,,,
-1.1448861562462491,,,,,,,,,,,,,,,,,,,,
0.5490603805295929,,,,,,,,,,,,,,,,,,,,
-0.17840132238027784,,,,,,,,,,,,,,,,,,,,
-1.1310297428574896,,,,,,,,,,,,,,,,,,,,
0.33082186965663174,,,,,,,,,,,,,,,,,,,,
1.5259375244371338,,,,,,,,,,,,,,,,,,,,
-0.05369360188144284,,,,,,,,,,,,,,,,,,,,
0.4763142102386059,,,,,,,,,,,,,,,,,,,,
0.3689270064757202,,,,,,,,,,,,,,,,,,,,
0.8192604416104021,,,,,,,,,,,,,,,,,,,,
-0.4035680399476188,,,,,,,,,,,,,,,,,,,,
1.5536503512146527,,,,,,,,,,,,,,,,,,,,
-0.199185942463417,,,,,,,,,,,,,,,,,,,,
0.2857885261431635,,,,,,,,,,,,,,,,,,,,
-1.7268555185741457,,,,,,,,,,,,,,,,,,,,
1.5051529043539946,,,,,,,,,,,,,,,,,,,,
1.5605785579090323,,,,,,,,,,,,,,,,,,,,
1.293842600175413,,,,,,,,,,,,,,,,,,,,
-1.5848272813393613,,,,,,,,,,,,,,,,,,,,
0.0675500152702023,,,,,,,,,,,,,,,,,,,,
0.09179873870053132,,,,,,,,,,,,,,,,,,,,
-0.057157705228632706,,,,,,,,,,,,,,,,,,,,
1.0582835725665025,,,,,,,,,,,,,,,,,,,,
0.2719321127544041,,,,,,,,,,,,,,,,,,,,
-0.7326578579306556,,,,,,,,,,,,,,,,,,,,
0.323893662962252,,,,,,,,,,,,,,,,,,,,
-1.0617476759136923,,,,,,,,,,,,,,,,,,,,
-1.6160042114640703,,,,,,,,,,,,,,,,,,,,
-0.34814238639258105,,,,,,,,,,,,,,,,,,,,
0.6564475842924786,,,,,,,,,,,,,,,,,,,,
-1.4843682842708554,,,,,,,,,,,,,,,,,,,,
-0.2095782525049866,,,,,,,,,,,,,,,,,,,,
-1.172598983023768,,,,,,,,,,,,,,,,,,,,
-1.2349528432731856,,,,,,,,,,,,,,,,,,,,
-1.418550320674248,,,,,,,,,,,,,,,,,,,,
0.87122199181825,,,,,,,,,,,,,,,,,,,,
-0.8192604416104021,,,,,,,,,,,,,,,,,,,,
0.597557827390251,,,,,,,,,,,,,,,,,,,,
1.0063220223586546,,,,,,,,,,,,,,,,,,,,
0.31696545626787226,,,,,,,,,,,,,,,,,,,,
-0.0051961550207847915,,,,,,,,,,,,,,,,,,,,
-1.1275656395102998,,,,,,,,,,,,,,,,,,,,
0.9301117487204776,,,,,,,,,,,,,,,,,,,,
0.039837188492683404,,,,,,,,,,,,,,,,,,,,
1.5086170077011845,,,,,,,,,,,,,,,,,,,,
-1.3111631169113624,,,,,,,,,,,,,,,,,,,,
-0.8400450616935413,,,,,,,,,,,,,,,,,,,,
-0.6079501374318206,,,,,,,,,,,,,,,,,,,,
-1.491296490965235,,,,,,,,,,,,,,,,,,,,
-1.1899194997597173,,,,,,,,,,,,,,,,,,,,
-0.7742270980969339,,,,,,,,,,,,,,,,,,,,
-0.2788603194487838,,,,,,,,,,,,,,,,,,,,
-1.3354118403416915,,,,,,,,,,,,,,,,,,,,
-0.5109552437105045,,,,,,,,,,,,,,,,,,,,
-0.48670652028017547,,,,,,,,,,,,,,,,,,,,
0.15415259894994882,,,,,,,,,,,,,,,,,,,,
0.7776912014441238,,,,,,,,,,,,,,,,,,,,
-0.6044860340846308,,,,,,,,,,,,,,,,,,,,
-0.33082186965663174,,,,,,,,,,,,,,,,,,,,
1.6056119014225005,,,,,,,,,,,,,,,,,,,,
0.14376028890837922,,,,,,,,,,,,,,,,,,,,
1.7026067951438166,,,,,,,,,,,,,,,,,,,,
0.10565515208929076,,,,,,,,,,,,,,,,,,,,
0.8850784052070095,,,,,,,,,,,,,,,,,,,,
-1.7060708984910065,,,,,,,,,,,,,,,,,,,,
0.4035680399476188,,,,,,,,,,,,,,,,,,,,
-0.3862475232116695,,,,,,,,,,,,,,,,,,,,
0.6148783441262003,,,,,,,,,,,,,,,,,,,,
1.4046939072854887,,,,,,,,,,,,,,,,,,,,
0.5317398637936437,,,,,,,,,,,,,,,,,,,,
-1.0929246060384012,,,,,,,,,,,,,,,,,,,,
-0.5005629336689349,,,,,,,,,,,,,,,,,,,,
0.20265004581060686,,,,,,,,,,,,,,,,,,,,
0.20611414915779674,,,,,,,,,,,,,,,,,,,,
1.5640426612562222,,,,,,,,,,,,,,,,,,,,
-1.4220144240214379,,,,,,,,,,,,,,,,,,,,
0.5525244838767829,,,,,,,,,,,,,,,,,,,,
0.8885425085541994,,,,,,,,,,,,,,,,,,,,
-1.4150862173270582,,,,,,,,,,,,,,,,,,,,
-1.0305707457889837,,,,,,,,,,,,,,,,,,,,
-0.5213475537520741,,,,,,,,,,,,,,,,,,,,
1.3423400470360711,,,,,,,,,,,,,,,,,,,,
0.923183542026098,,,,,,,,,,,,,,,,,,,,
0.41742445333637823,,,,,,,,,,,,,,,,,,,,
1.6610375549775385,,,,,,,,,,,,,,,,,,,,
0.03290898179830368,,,,,,,,,,,,,,,,,,,,
-0.9439681621092372,,,,,,,,,,,,,,,,,,,,
0.8642937851238703,,,,,,,,,,,,,,,,,,,,
1.6645016583247283,,,,,,,,,,,,,,,,,,,,
-0.18532952907465755,,,,,,,,,,,,,,,,,,,,
1.6160042114640703,,,,,,,,,,,,,,,,,,,,
-1.3527323570776408,,,,,,,,,,,,,,,,,,,,
-0.5317398637936437,,,,,,,,,,,,,,,,,,,,
0.9820732989283256,,,,,,,,,,,,,,,,,,,,
0.17840132238027784,,,,,,,,,,,,,,,,,,,,
1.3042349102169826,,,,,,,,,,,,,,,,,,,,
0.9162553353317182,,,,,,,,,,,,,,,,,,,,
0.8261886483047819,,,,,,,,,,,,,,,,,,,,
-0.448601383461087,,,,,,,,,,,,,,,,,,,,
-0.5559885872239727,,,,,,,,,,,,,,,,,,,,
1.7095350018381965,,,,,,,,,,,,,,,,,,,,
0.7984758215272629,,,,,,,,,,,,,,,,,,,,
-0.7014809278059468,,,,,,,,,,,,,,,,,,,,
-1.0548194692193127,,,,,,,,,,,,,,,,,,,,
-0.8331168549991615,,,,,,,,,,,,,,,,,,,,
1.719927311879766,,,,,,,,,,,,,,,,,,,,
-0.11604746213086034,,,,,,,,,,,,,,,,,,,,
-1.6263965215056397,,,,,,,,,,,,,,,,,,,,
-0.9993938156642749,,,,,,,,,,,,,,,,,,,,
-0.7499783746666049,,,,,,,,,,,,,,,,,,,,
1.2141682231900464,,,,,,,,,,,,,,,,,,,,
0.8331168549991615,,,,,,,,,,,,,,,,,,,,
-0.4382090734195174,,,,,,,,,,,,,,,,,,,,
1.1587425696350084,,,,,,,,,,,,,,,,,,,,
0.6772322043756178,,,,,,,,,,,,,,,,,,,,
-0.4832424169329856,,,,,,,,,,,,,,,,,,,,
-0.34121417969820134,,,,,,,,,,,,,,,,,,,,
1.1760630863709578,,,,,,,,,,,,,,,,,,,,
-1.4947605943124251,,,,,,,,,,,,,,,,,,,,
1.1033169160799707,,,,,,,,,,,,,,,,,,,,
0.21304235585217646,,,,,,,,,,,,,,,,,,,,
-0.34467828304539117,,,,,,,,,,,,,,,,,,,,
1.3354118403416915,,,,,,,,,,,,,,,,,,,,
0.6703039976812382,,,,,,,,,,,,,,,,,,,,
0.3862475232116695,,,,,,,,,,,,,,,,,,,,
-1.2592015667035146,,,,,,,,,,,,,,,,,,,,
1.4358708374101974,,,,,,,,,,,,,,,,,,,,
-1.6679657616719181,,,,,,,,,,,,,,,,,,,,
-1.3769810805079699,,,,,,,,,,,,,,,,,,,,
0.9405040587620472,,,,,,,,,,,,,,,,,,,,
-0.5421321738352133,,,,,,,,,,,,,,,,,,,,
0.6841604110699976,,,,,,,,,,,,,,,,,,,,
-0.7188014445418962,,,,,,,,,,,,,,,,,,,,
-0.6287347575149598,,,,,,,,,,,,,,,,,,,,
0.9647527821923763,,,,,,,,,,,,,,,,,,,,
-0.7118732378475164,,,,,,,,,,,,,,,,,,,,
-0.5282757604464539,,,,,,,,,,,,,,,,,,,,
1.2869143934810334,,,,,,,,,,,,,,,,,,,,
0.9023989219429588,,,,,,,,,,,,,,,,,,,,
1.6783580717134876,,,,,,,,,,,,,,,,,,,,
-1.3561964604248307,,,,,,,,,,,,,,,,,,,,
1.5294016277843236,,,,,,,,,,,,,,,,,,,,
-0.3585346964341506,,,,,,,,,,,,,,,,,,,,
-0.8435091650407311,,,,,,,,,,,,,,,,,,,,
1.245345153314755,,,,,,,,,,,,,,,,,,,,
-0.8019399248744529,,,,,,,,,,,,,,,,,,,,
-0.6806963077228076,,,,,,,,,,,,,,,,,,,,
1.5917554880337412,,,,,,,,,,,,,,,,,,,,
1.1622066729821983,,,,,,,,,,,,,,,,,,,,
-0.9647527821923763,,,,,,,,,,,,,,,,,,,,
0.17493721903308798,,,,,,,,,,,,,,,,,,,,
0.448601383461087,,,,,,,,,,,,,,,,,,,,
-1.6402529348943993,,,,,,,,,,,,,,,,,,,,
-0.4208885566835681,,,,,,,,,,,,,,,,,,,,
0.5455962771824031,,,,,,,,,,,,,,,,,,,,
-0.022516671756734098,,,,,,,,,,,,,,,,,,,,
1.7268555185741457,,,,,,,,,,,,,,,,,,,,
-1.0582835725665025,,,,,,,,,,,,,,,,,,,,
0.06062180857582257,,,,,,,,,,,,,,,,,,,,
0.1818654257274677,,,,,,,,,,,,,,,,,,,,
-0.5663808972655423,,,,,,,,,,,,,,,,,,,,
1.4289426307158177,,,,,,,,,,,,,,,,,,,,
1.5848272813393613,,,,,,,,,,,,,,,,,,,,
0.43474497007232754,,,,,,,,,,,,,,,,,,,,
1.023642539094604,,,,,,,,,,,,,,,,,,,,
-1.245345153314755,,,,,,,,,,,,,,,,,,,,
1.0271066424417938,,,,,,,,,,,,,,,,,,,,
-1.7164632085325762,,,,,,,,,,,,,,,,,,,,
-1.6541093482831586,,,,,,,,,,,,,,,,,,,,
-0.87122199181825,,,,,,,,,,,,,,,,,,,,
0.846973268387921,,,,,,,,,,,,,,,,,,,,
-1.0271066424417938,,,,,,,,,,,,,,,,,,,,
-1.5086170077011845,,,,,,,,,,,,,,,,,,,,
-0.7084091345003266,,,,,,,,,,,,,,,,,,,,
-0.6529834809452888,,,,,,,,,,,,,,,,,,,,
0.8573655784294906,,,,,,,,,,,,,,,,,,,,
-1.2314887399259955,,,,,,,,,,,,,,,,,,,,
-1.1414220528990593,,,,,,,,,,,,,,,,,,,,
1.5016888010068048,,,,,,,,,,,,,,,,,,,,
1.3319477369945016,,,,,,,,,,,,,,,,,,,,
1.1414220528990593,,,,,,,,,,,,,,,,,,,,
-0.33428597300382157,,,,,,,,,,,,,,,,,,,,
-0.8677578884710602,,,,,,,,,,,,,,,,,,,,
-0.8054040282216427,,,,,,,,,,,,,,,,,,,,
1.5986836947281209,,,,,,,,,,,,,,,,,,,,
-0.44513728011389714,,,,,,,,,,,,,,,,,,,,
-1.467047767534906,,,,,,,,,,,,,,,,,,,,
1.4531913541461468,,,,,,,,,,,,,,,,,,,,
0.2823244227959737,,,,,,,,,,,,,,,,,,,,
-0.649519377598099,,,,,,,,,,,,,,,,,,,,
-1.4774400775764758,,,,,,,,,,,,,,,,,,,,
-0.6148783441262003,,,,,,,,,,,,,,,,,,,,
-0.3897116265588594,,,,,,,,,,,,,,,,,,,,
-1.0859963993440214,,,,,,,,,,,,,,,,,,,,
0.7465142713194151,,,,,,,,,,,,,,,,,,,,
0.5629167939183524,,,,,,,,,,,,,,,,,,,,
0.019052568409544234,,,,,,,,,,,,,,,,,,,,
0.5248116570992639,,,,,,,,,,,,,,,,,,,,
1.0132502290530343,,,,,,,,,,,,,,,,,,,,
0.3793193165172898,,,,,,,,,,,,,,,,,,,,
1.5501862478674628,,,,,,,,,,,,,,,,,,,,
0.6114142407790105,,,,,,,,,,,,,,,,,,,,
-0.2650039060600244,,,,,,,,,,,,,,,,,,,,
1.6263965215056397,,,,,,,,,,,,,,,,,,,,
0.0017320516735949306,,,,,,,,,,,,,,,,,,,,
-1.5571144545618425,,,,,,,,,,,,,,,,,,,,
-1.2107041198428565,,,,,,,,,,,,,,,,,,,,
-0.17493721903308798,,,,,,,,,,,,,,,,,,,,
1.2003118098012868,,,,,,,,,,,,,,,,,,,,
-0.5144193470576943,,,,,,,,,,,,,,,,,,,,
0.34814238639258105,,,,,,,,,,,,,,,,,,,,
-1.2488092566619449,,,,,,,,,,,,,,,,,,,,
-1.047891262524933,,,,,,,,,,,,,,,,,,,,
0.3619987997813405,,,,,,,,,,,,,,,,,,,,
-0.2857885261431635,,,,,,,,,,,,,,,,,,,,
-1.269593876745084,,,,,,,,,,,,,,,,,,,,
0.37239110982291007,,,,,,,,,,,,,,,,,,,,
0.23036287258812577,,,,,,,,,,,,,,,,,,,,
-0.5906296206958713,,,,,,,,,,,,,,,,,,,,
1.0756040893024519,,,,,,,,,,,,,,,,,,,,
1.4566554574933366,,,,,,,,,,,,,,,,,,,,
-1.6610375549775385,,,,,,,,,,,,,,,,,,,,
1.3492682537304508,,,,,,,,,,,,,,,,,,,,
0.2268987692409359,,,,,,,,,,,,,,,,,,,,
-0.6425911709037192,,,,,,,,,,,,,,,,,,,,
1.0097861257058445,,,,,,,,,,,,,,,,,,,,
-0.8539014750823007,,,,,,,,,,,,,,,,,,,,
-0.8642937851238703,,,,,,,,,,,,,,,,,,,,
1.4393349407573872,,,,,,,,,,,,,,,,,,,,
-0.898934818595769,,,,,,,,,,,,,,,,,,,,
1.643717038241589,,,,,,,,,,,,,,,,,,,,
1.2488092566619449,,,,,,,,,,,,,,,,,,,,
-1.3908374938967292,,,,,,,,,,,,,,,,,,,,
-0.947432265456427,,,,,,,,,,,,,,,,,,,,
1.0305707457889837,,,,,,,,,,,,,,,,,,,,
-0.5178834504048843,,,,,,,,,,,,,,,,,,,,
-0.2684680094072142,,,,,,,,,,,,,,,,,,,,
0.7880835114856933,,,,,,,,,,,,,,,,,,,,
1.470511870882096,,,,,,,,,,,,,,,,,,,,
-1.0167143324002241,,,,,,,,,,,,,,,,,,,,
-0.8885425085541994,,,,,,,,,,,,,,,,,,,,
-0.15415259894994882,,,,,,,,,,,,,,,,,,,,
-0.5871655173486814,,,,,,,,,,,,,,,,,,,,
0.5559885872239727,,,,,,,,,,,,,,,,,,,,
1.0686758826080722,,,,,,,,,,,,,,,,,,,,
1.096388709385591,,,,,,,,,,,,,,,,,,,,
0.2580756993656447,,,,,,,,,,,,,,,,,,,,
-0.895470715248579,,,,,,,,,,,,,,,,,,,,
-0.45552959015546673,,,,,,,,,,,,,,,,,,,,
-0.9370399554148574,,,,,,,,,,,,,,,,,,,,
0.24768338932407508,,,,,,,,,,,,,,,,,,,,
-0.6772322043756178,,,,,,,,,,,,,,,,,,,,
1.1310297428574896,,,,,,,,,,,,,,,,,,,,
-1.0825322959968315,,,,,,,,,,,,,,,,,,,,
0.2442192859768852,,,,,,,,,,,,,,,,,,,,
0.5663808972655423,,,,,,,,,,,,,,,,,,,,
-1.1518143629406288,,,,,,,,,,,,,,,,,,,,
1.1691348796765781,,,,,,,,,,,,,,,,,,,,
1.0825322959968315,,,,,,,,,,,,,,,,,,,,
-1.6922144851022471,,,,,,,,,,,,,,,,,,,,
1.515545214395564,,,,,,,,,,,,,,,,,,,,
0.6391270675565294,,,,,,,,,,,,,,,,,,,,
1.546722144520273,,,,,,,,,,,,,,,,,,,,
-0.923183542026098,,,,,,,,,,,,,,,,,,,,
-0.6391270675565294,,,,,,,,,,,,,,,,,,,,
0.1299038755196198,,,,,,,,,,,,,,,,,,,,
-0.6841604110699976,,,,,,,,,,,,,,,,,,,,
-0.5490603805295929,,,,,,,,,,,,,,,,,,,,
0.9370399554148574,,,,,,,,,,,,,,,,,,,,
-1.2834502901338436,,,,,,,,,,,,,,,,,,,,
-0.45899369350265656,,,,,,,,,,,,,,,,,,,,
-1.2280246365788057,,,,,,,,,,,,,,,,,,,,
-1.2765220834394637,,,,,,,,,,,,,,,,,,,,
0.34121417969820134,,,,,,,,,,,,,,,,,,,,
-0.18879363242184743,,,,,,,,,,,,,,,,,,,,
-0.3065731462263027,,,,,,,,,,,,,,,,,,,,
-0.31350135292068243,,,,,,,,,,,,,,,,,,,,
-1.6748939683662978,,,,,,,,,,,,,,,,,,,,
1.2280246365788057,,,,,,,,,,,,,,,,,,,,
-0.04330129183987326,,,,,,,,,,,,,,,,,,,,
-0.9266476453732878,,,,,,,,,,,,,,,,,,,,
-1.2003118098012868,,,,,,,,,,,,,,,,,,,,
1.3250195303001218,,,,,,,,,,,,,,,,,,,,
1.0340348491361735,,,,,,,,,,,,,,,,,,,,
-1.4878323876180453,,,,,,,,,,,,,,,,,,,,
0.10911925543648063,,,,,,,,,,,,,,,,,,,,
0.7638347880553643,,,,,,,,,,,,,,,,,,,,
-0.6703039976812382,,,,,,,,,,,,,,,,,,,,
1.2557374633563245,,,,,,,,,,,,,,,,,,,,
-0.12643977217242994,,,,,,,,,,,,,,,,,,,,
1.12063743281592,,,,,,,,,,,,,,,,,,,,
-0.46938600354422616,,,,,,,,,,,,,,,,,,,,
-0.6321988608621496,,,,,,,,,,,,,,,,,,,,
1.6818221750606774,,,,,,,,,,,,,,,,,,,,
-0.16108080564432853,,,,,,,,,,,,,,,,,,,,
0.45206548680827685,,,,,,,,,,,,,,,,,,,,
-1.4289426307158177,,,,,,,,,,,,,,,,,,,,
-0.7915476148328833,,,,,,,,,,,,,,,,,,,,
-1.643717038241589,,,,,,,,,,,,,,,,,,,,
-1.3839092872023495,,,,,,,,,,,,,,,,,,,,
-1.5328657311315135,,,,,,,,,,,,,,,,,,,,
-1.5294016277843236,,,,,,,,,,,,,,,,,,,,
-0.323893662962252,,,,,,,,,,,,,,,,,,,,
0.9578245754979966,,,,,,,,,,,,,,,,,,,,
-0.3793193165172898,,,,,,,,,,,,,,,,,,,,
-1.297306703522603,,,,,,,,,,,,,,,,,,,,
-0.015588465062354374,,,,,,,,,,,,,,,,,,,,
-1.2557374633563245,,,,,,,,,,,,,,,,,,,,
-0.3966398332532391,,,,,,,,,,,,,,,,,,,,
0.8816143018598196,,,,,,,,,,,,,,,,,,,,
1.1552784662878186,,,,,,,,,,,,,,,,,,,,
0.05369360188144284,,,,,,,,,,,,,,,,,,,,
0.1021910487421009,,,,,,,,,,,,,,,,,,,,
-0.3931757299060492,,,,,,,,,,,,,,,,,,,,
1.3596605637720205,,,,,,,,,,,,,,,,,,,,
0.15761670229713867,,,,,,,,,,,,,,,,,,,,
-1.2903784968282233,,,,,,,,,,,,,,,,,,,,
1.2626656700507044,,,,,,,,,,,,,,,,,,,,
-0.16800901233870827,,,,,,,,,,,,,,,,,,,,
0.8400450616935413,,,,,,,,,,,,,,,,,,,,
0.6945527211115672,,,,,,,,,,,,,,,,,,,,
-1.5813631779921715,,,,,,,,,,,,,,,,,,,,
0.15068849560275896,,,,,,,,,,,,,,,,,,,,
-1.3250195303001218,,,,,,,,,,,,,,,,,,,,
-1.3007708068697927,,,,,,,,,,,,,,,,,,,,
0.8608296817766805,,,,,,,,,,,,,,,,,,,,
-0.08487053200615159,,,,,,,,,,,,,,,,,,,,
0.050229498534252986,,,,,,,,,,,,,,,,,,,,
-0.8608296817766805,,,,,,,,,,,,,,,,,,,,
-0.23382697593531562,,,,,,,,,,,,,,,,,,,,
0.46592190019703633,,,,,,,,,,,,,,,,,,,,
-0.4001039366004289,,,,,,,,,,,,,,,,,,,,
0.8781501985126298,,,,,,,,,,,,,,,,,,,,
1.491296490965235,,,,,,,,,,,,,,,,,,,,
-1.6333247282000194,,,,,,,,,,,,,,,,,,,,
-1.394301597243919,,,,,,,,,,,,,,,,,,,,
0.7257296512362759,,,,,,,,,,,,,,,,,,,,
0.33775007635101145,,,,,,,,,,,,,,,,,,,,
0.08140642865896174,,,,,,,,,,,,,,,,,,,,
1.4809041809236656,,,,,,,,,,,,,,,,,,,,
1.7060708984910065,,,,,,,,,,,,,,,,,,,,
-1.1587425696350084,,,,,,,,,,,,,,,,,,,,
-1.4566554574933366,,,,,,,,,,,,,,,,,,,,
-0.5837014140014916,,,,,,,,,,,,,,,,,,,,
1.6852862784078675,,,,,,,,,,,,,,,,,,,,
-0.38278341986447967,,,,,,,,,,,,,,,,,,,,
0.5421321738352133,,,,,,,,,,,,,,,,,,,,
1.072139985955262,,,,,,,,,,,,,,,,,,,,
1.6575734516303484,,,,,,,,,,,,,,,,,,,,
0.5005629336689349,,,,,,,,,,,,,,,,,,,,
-0.9682168855395662,,,,,,,,,,,,,,,,,,,,
-1.3804451838551597,,,,,,,,,,,,,,,,,,,,
-0.5767732073071119,,,,,,,,,,,,,,,,,,,,
0.7395860646250353,,,,,,,,,,,,,,,,,,,,
1.2176323265372362,,,,,,,,,,,,,,,,,,,,
-1.3596605637720205,,,,,,,,,,,,,,,,,,,,
1.4081580106326785,,,,,,,,,,,,,,,,,,,,
-1.1033169160799707,,,,,,,,,,,,,,,,,,,,
0.44513728011389714,,,,,,,,,,,,,,,,,,,,
0.2615398027128345,,,,,,,,,,,,,,,,,,,,
-1.5744349712977919,,,,,,,,,,,,,,,,,,,,
-0.9162553353317182,,,,,,,,,,,,,,,,,,,,
-0.7153373411947063,,,,,,,,,,,,,,,,,,,,
-1.2522733600091347,,,,,,,,,,,,,,,,,,,,
-0.1368320822139995,,,,,,,,,,,,,,,,,,,,
1.1795271897181476,,,,,,,,,,,,,,,,,,,,
-1.522473421089944,,,,,,,,,,,,,,,,,,,,
-0.722265547889086,,,,,,,,,,,,,,,,,,,,
1.4878323876180453,,,,,,,,,,,,,,,,,,,,
-0.24768338932407508,,,,,,,,,,,,,,,,,,,,
-0.45206548680827685,,,,,,,,,,,,,,,,,,,,
0.1922577357690373,,,,,,,,,,,,,,,,,,,,
-1.6575734516303484,,,,,,,,,,,,,,,,,,,,
0.9508963688036168,,,,,,,,,,,,,,,,,,,,
0.022516671756734098,,,,,,,,,,,,,,,,,,,,
0.35507059308696076,,,,,,,,,,,,,,,,,,,,
1.196847706454097,,,,,,,,,,,,,,,,,,,,
-0.24075518262969534,,,,,,,,,,,,,,,,,,,,
1.4843682842708554,,,,,,,,,,,,,,,,,,,,
-1.546722144520273,,,,,,,,,,,,,,,,,,,,
0.30310904287911283,,,,,,,,,,,,,,,,,,,,
1.2592015667035146,,,,,,,,,,,,,,,,,,,,
1.3839092872023495,,,,,,,,,,,,,,,,,,,,
1.647181141588779,,,,,,,,,,,,,,,,,,,,
1.6090760047696904,,,,,,,,,,,,,,,,,,,,
0.9682168855395662,,,,,,,,,,,,,,,,,,,,
1.318091323605742,,,,,,,,,,,,,,,,,,,,
1.2107041198428565,,,,,,,,,,,,,,,,,,,,
0.06408591192301243,,,,,,,,,,,,,,,,,,,,
-1.1656707763293883,,,,,,,,,,,,,,,,,,,,
0.8296527516519717,,,,,,,,,,,,,,,,,,,,
1.595219591380931,,,,,,,,,,,,,,,,,,,,
0.5178834504048843,,,,,,,,,,,,,,,,,,,,
0.7499783746666049,,,,,,,,,,,,,,,,,,,,
1.2418810499675652,,,,,,,,,,,,,,,,,,,,
-0.1299038755196198,,,,,,,,,,,,,,,,,,,,
1.6506452449359688,,,,,,,,,,,,,,,,,,,,
0.16800901233870827,,,,,,,,,,,,,,,,,,,,
-0.14376028890837922,,,,,,,,,,,,,,,,,,,,
1.6991426917966268,,,,,,,,,,,,,,,,,,,,
-1.6645016583247283,,,,,,,,,,,,,,,,,,,,
-1.473975974229286,,,,,,,,,,,,,,,,,,,,
-0.5698450006127321,,,,,,,,,,,,,,,,,,,,
-0.33775007635101145,,,,,,,,,,,,,,,,,,,,
-0.8573655784294906,,,,,,,,,,,,,,,,,,,,
1.0894605026912112,,,,,,,,,,,,,,,,,,,,
1.5571144545618425,,,,,,,,,,,,,,,,,,,,
-0.6945527211115672,,,,,,,,,,,,,,,,,,,,
0.5767732073071119,,,,,,,,,,,,,,,,,,,,
0.9127912319845284,,,,,,,,,,,,,,,,,,,,
0.21997056254655617,,,,,,,,,,,,,,,,,,,,
0.47977831358579576,,,,,,,,,,,,,,,,,,,,
-0.9058630252901486,,,,,,,,,,,,,,,,,,,,
0.2788603194487838,,,,,,,,,,,,,,,,,,,,
-0.2165064591993663,,,,,,,,,,,,,,,,,,,,
-0.2615398027128345,,,,,,,,,,,,,,,,,,,,
0.6910886177643772,,,,,,,,,,,,,,,,,,,,
-0.06408591192301243,,,,,,,,,,,,,,,,,,,,
-0.7603706847081745,,,,,,,,,,,,,,,,,,,,
0.11258335878367048,,,,,,,,,,,,,,,,,,,,
0.11951156547805021,,,,,,,,,,,,,,,,,,,,
0.9266476453732878,,,,,,,,,,,,,,,,,,,,
-0.9023989219429588,,,,,,,,,,,,,,,,,,,,
0.9439681621092372,,,,,,,,,,,,,,,,,,,,
-0.7880835114856933,,,,,,,,,,,,,,,,,,,,
0.03637308514549354,,,,,,,,,,,,,,,,,,,,
1.3076990135641726,,,,,,,,,,,,,,,,,,,,
1.3146272202585523,,,,,,,,,,,,,,,,,,,,
0.8365809583463515,,,,,,,,,,,,,,,,,,,,
0.29271673283754324,,,,,,,,,,,,,,,,,,,,
-0.4312808667251377,,,,,,,,,,,,,,,,,,,,
0.3585346964341506,,,,,,,,,,,,,,,,,,,,
-0.012124361715164513,,,,,,,,,,,,,,,,,,,,
-1.6818221750606774,,,,,,,,,,,,,,,,,,,,
0.12643977217242994,,,,,,,,,,,,,,,,,,,,
1.2661297733978942,,,,,,,,,,,,,,,,,,,,
1.6125401081168802,,,,,,,,,,,,,,,,,,,,
0.7707629947497441,,,,,,,,,,,,,,,,,,,,
-1.4046939072854887,,,,,,,,,,,,,,,,,,,,
-0.0675500152702023,,,,,,,,,,,,,,,,,,,,
0.2961808361847331,,,,,,,,,,,,,,,,,,,,
-0.31003724957349255,,,,,,,,,,,,,,,,,,,,
-1.1691348796765781,,,,,,,,,,,,,,,,,,,,
0.07447822196458201,,,,,,,,,,,,,,,,,,,,
1.0201784357474142,,,,,,,,,,,,,,,,,,,,
1.467047767534906,,,,,,,,,,,,,,,,,,,,
-0.1922577357690373,,,,,,,,,,,,,,,,,,,,
-0.37239110982291007,,,,,,,,,,,,,,,,,,,,
-1.442799044104577,,,,,,,,,,,,,,,,,,,,
1.61946831481126,,,,,,,,,,,,,,,,,,,,
-0.2442192859768852,,,,,,,,,,,,,,,,,,,,
-1.3042349102169826,,,,,,,,,,,,,,,,,,,,
-0.7811553047913137,,,,,,,,,,,,,,,,,,,,
0.9543604721508067,,,,,,,,,,,,,,,,,,,,
-1.293842600175413,,,,,,,,,,,,,,,,,,,,
-0.9855374022755155,,,,,,,,,,,,,,,,,,,,
-1.5259375244371338,,,,,,,,,,,,,,,,,,,,
-1.5051529043539946,,,,,,,,,,,,,,,,,,,,
-1.6783580717134876,,,,,,,,,,,,,,,,,,,,
0.947432265456427,,,,,,,,,,,,,,,,,,,,
0.698016824458757,,,,,,,,,,,,,,,,,,,,
-0.8781501985126298,,,,,,,,,,,,,,,,,,,,
-1.4393349407573872,,,,,,,,,,,,,,,,,,,,
-0.646055274250909,,,,,,,,,,,,,,,,,,,,
1.321555426952932,,,,,,,,,,,,,,,,,,,,
0.5594526905711625,,,,,,,,,,,,,,,,,,,,
-1.2661297733978942,,,,,,,,,,,,,,,,,,,,
0.34467828304539117,,,,,,,,,,,,,,,,,,,,
0.23382697593531562,,,,,,,,,,,,,,,,,,,,
0.995929712317085,,,,,,,,,,,,,,,,,,,,
-1.5432580411730832,,,,,,,,,,,,,,,,,,,,
0.7534424780137948,,,,,,,,,,,,,,,,,,,,
-1.3631246671192103,,,,,,,,,,,,,,,,,,,,
-1.5986836947281209,,,,,,,,,,,,,,,,,,,,
0.971680988886756,,,,,,,,,,,,,,,,,,,,
1.172598983023768,,,,,,,,,,,,,,,,,,,,
-0.6910886177643772,,,,,,,,,,,,,,,,,,,,
-1.0894605026912112,,,,,,,,,,,,,,,,,,,,
0.3931757299060492,,,,,,,,,,,,,,,,,,,,
-0.6183424474733902,,,,,,,,,,,,,,,,,,,,
0.6079501374318206,,,,,,,,,,,,,,,,,,,,
-1.2384169466203754,,,,,,,,,,,,,,,,,,,,
-0.9890015056227053,,,,,,,,,,,,,,,,,,,,
0.9751450922339459,,,,,,,,,,,,,,,,,,,,
1.221096429884426,,,,,,,,,,,,,,,,,,,,
0.2095782525049866,,,,,,,,,,,,,,,,,,,,
-1.2626656700507044,,,,,,,,,,,,,,,,,,,,
1.4150862173270582,,,,,,,,,,,,,,,,,,,,
-1.3873733905495393,,,,,,,,,,,,,,,,,,,,
1.4324067340630076,,,,,,,,,,,,,,,,,,,,
-0.5040270370161247,,,,,,,,,,,,,,,,,,,,
-0.11258335878367048,,,,,,,,,,,,,,,,,,,,
1.1656707763293883,,,,,,,,,,,,,,,,,,,,
-0.7569065813609847,,,,,,,,,,,,,,,,,,,,
-0.7257296512362759,,,,,,,,,,,,,,,,,,,,
-0.42781676337794783,,,,,,,,,,,,,,,,,,,,
-0.4936347269745552,,,,,,,,,,,,,,,,,,,,
0.9855374022755155,,,,,,,,,,,,,,,,,,,,
1.5120811110483743,,,,,,,,,,,,,,,,,,,,
-0.029444878451113817,,,,,,,,,,,,,,,,,,,,
-0.9820732989283256,,,,,,,,,,,,,,,,,,,,
-0.4139603499891884,,,,,,,,,,,,,,,,,,,,
1.0374989524833633,,,,,,,,,,,,,,,,,,,,
1.62293241815845,,,,,,,,,,,,,,,,,,,,
0.2684680094072142,,,,,,,,,,,,,,,,,,,,
1.0513553658721229,,,,,,,,,,,,,,,,,,,,
1.6887503817550573,,,,,,,,,,,,,,,,,,,,
-1.4358708374101974,,,,,,,,,,,,,,,,,,,,
0.5802373106543017,,,,,,,,,,,,,,,,,,,,
1.1379579495518692,,,,,,,,,,,,,,,,,,,,
0.08833463535334146,,,,,,,,,,,,,,,,,,,,
1.2522733600091347,,,,,,,,,,,,,,,,,,,,
-0.44167317676670725,,,,,,,,,,,,,,,,,,,,
-1.345804150383261,,,,,,,,,,,,,,,,,,,,
0.6356629642093395,,,,,,,,,,,,,,,,,,,,
-0.7291937545834657,,,,,,,,,,,,,,,,,,,,
-1.0513553658721229,,,,,,,,,,,,,,,,,,,,
0.008660258367974653,,,,,,,,,,,,,,,,,,,,
0.6321988608621496,,,,,,,,,,,,,,,,,,,,
-0.10911925543648063,,,,,,,,,,,,,,,,,,,,
-0.597557827390251,,,,,,,,,,,,,,,,,,,,
0.07794232531177188,,,,,,,,,,,,,,,,,,,,
0.0051961550207847915,,,,,,,,,,,,,,,,,,,,
-1.0028579190114648,,,,,,,,,,,,,,,,,,,,
-0.9197194386789082,,,,,,,,,,,,,,,,,,,,
-0.9405040587620472,,,,,,,,,,,,,,,,,,,,
-0.14029618556118936,,,,,,,,,,,,,,,,,,,,
1.5882913846865512,,,,,,,,,,,,,,,,,,,,
1.6333247282000194,,,,,,,,,,,,,,,,,,,,
-1.0374989524833633,,,,,,,,,,,,,,,,,,,,
-1.4081580106326785,,,,,,,,,,,,,,,,,,,,
0.44167317676670725,,,,,,,,,,,,,,,,,,,,
0.199185942463417,,,,,,,,,,,,,,,,,,,,
-1.0340348491361735,,,,,,,,,,,,,,,,,,,,
-0.8157963382632123,,,,,,,,,,,,,,,,,,,,
0.895470715248579,,,,,,,,,,,,,,,,,,,,
-1.318091323605742,,,,,,,,,,,,,,,,,,,,
-1.3735169771607798,,,,,,,,,,,,,,,,,,,,
0.7915476148328833,,,,,,,,,,,,,,,,,,,,
-1.0409630558305532,,,,,,,,,,,,,,,,,,,,
-0.025980775103923957,,,,,,,,,,,,,,,,,,,,
1.148350259593439,,,,,,,,,,,,,,,,,,,,
-1.449727250798957,,,,,,,,,,,,,,,,,,,,
-0.9612886788451864,,,,,,,,,,,,,,,,,,,,
-0.32735776630944186,,,,,,,,,,,,,,,,,,,,
0.2165064591993663,,,,,,,,,,,,,,,,,,,,
-1.7095350018381965,,,,,,,,,,,,,,,,,,,,
0.5386680704880233,,,,,,,,,,,,,,,,,,,,
1.4601195608405264,,,,,,,,,,,,,,,,,,,,
-1.1344938462046794,,,,,,,,,,,,,,,,,,,,
1.2314887399259955,,,,,,,,,,,,,,,,,,,,
-1.0201784357474142,,,,,,,,,,,,,,,,,,,,
0.9612886788451864,,,,,,,,,,,,,,,,,,,,
0.8504373717351109,,,,,,,,,,,,,,,,,,,,
0.9890015056227053,,,,,,,,,,,,,,,,,,,,
0.822724544957592,,,,,,,,,,,,,,,,,,,,
-0.41742445333637823,,,,,,,,,,,,,,,,,,,,
0.8054040282216427,,,,,,,,,,,,,,,,,,,,
0.9924656089698952,,,,,,,,,,,,,,,,,,,,
-0.7984758215272629,,,,,,,,,,,,,,,,,,,,
-1.5882913846865512,,,,,,,,,,,,,,,,,,,,
-1.3492682537304508,,,,,,,,,,,,,,,,,,,,
1.1864553964125275,,,,,,,,,,,,,,,,,,,,
0.7811553047913137,,,,,,,,,,,,,,,,,,,,
-1.4601195608405264,,,,,,,,,,,,,,,,,,,,
1.3908374938967292,,,,,,,,,,,,,,,,,,,,
1.0028579190114648,,,,,,,,,,,,,,,,,,,,
0.4070321432948087,,,,,,,,,,,,,,,,,,,,
0.7672988914025543,,,,,,,,,,,,,,,,,,,,
-1.5016888010068048,,,,,,,,,,,,,,,,,,,,
1.6748939683662978,,,,,,,,,,,,,,,,,,,,
1.1899194997597173,,,,,,,,,,,,,,,,,,,,
0.8677578884710602,,,,,,,,,,,,,,,,,,,,
-1.1622066729821983,,,,,,,,,,,,,,,,,,,,
1.2799861867866535,,,,,,,,,,,,,,,,,,,,
0.3966398332532391,,,,,,,,,,,,,,,,,,,,
0.7118732378475164,,,,,,,,,,,,,,,,,,,,
-1.3977657005911088,,,,,,,,,,,,,,,,,,,,
0.5940937240430612,,,,,,,,,,,,,,,,,,,,
1.3873733905495393,,,,,,,,,,,,,,,,,,,,
-1.61946831481126,,,,,,,,,,,,,,,,,,,,
1.3977657005911088,,,,,,,,,,,,,,,,,,,,
0.3516064897397709,,,,,,,,,,,,,,,,,,,,
-1.12063743281592,,,,,,,,,,,,,,,,,,,,
0.7361219612778455,,,,,,,,,,,,,,,,,,,,
-1.62293241815845,,,,,,,,,,,,,,,,,,,,
-0.7638347880553643,,,,,,,,,,,,,,,,,,,,
-1.4531913541461468,,,,,,,,,,,,,,,,,,,,
1.37005287381359,,,,,,,,,,,,,,,,,,,,
-0.8088681315688325,,,,,,,,,,,,,,,,,,,,
1.3284836336473116,,,,,,,,,,,,,,,,,,,,
1.0409630558305532,,,,,,,,,,,,,,,,,,,,
1.0444271591777432,,,,,,,,,,,,,,,,,,,,
-0.21304235585217646,,,,,,,,,,,,,,,,,,,,
0.898934818595769,,,,,,,,,,,,,,,,,,,,
-0.3516064897397709,,,,,,,,,,,,,,,,,,,,
-1.570970867950602,,,,,,,,,,,,,,,,,,,,
-0.2719321127544041,,,,,,,,,,,,,,,,,,,,
-0.03637308514549354,,,,,,,,,,,,,,,,,,,,
1.418550320674248,,,,,,,,,,,,,,,,,,,,
1.2834502901338436,,,,,,,,,,,,,,,,,,,,
-1.1102451227743504,,,,,,,,,,,,,,,,,,,,
0.7846194081385035,,,,,,,,,,,,,,,,,,,,
-1.5536503512146527,,,,,,,,,,,,,,,,,,,,
-0.12297566882524007,,,,,,,,,,,,,,,,,,,,
0.9058630252901486,,,,,,,,,,,,,,,,,,,,
1.394301597243919,,,,,,,,,,,,,,,,,,,,
-1.3284836336473116,,,,,,,,,,,,,,,,,,,,
0.5871655173486814,,,,,,,,,,,,,,,,,,,,
0.7084091345003266,,,,,,,,,,,,,,,,,,,,
-1.4116221139798684,,,,,,,,,,,,,,,,,,,,
-1.470511870882096,,,,,,,,,,,,,,,,,,,,
0.9335758520676676,,,,,,,,,,,,,,,,,,,,
1.425478527368628,,,,,,,,,,,,,,,,,,,,
0.722265547889086,,,,,,,,,,,,,,,,,,,,
1.0652117792608822,,,,,,,,,,,,,,,,,,,,
-1.6090760047696904,,,,,,,,,,,,,,,,,,,,
-1.3388759436888813,,,,,,,,,,,,,,,,,,,,
-0.15068849560275896,,,,,,,,,,,,,,,,,,,,
0.7430501679722252,,,,,,,,,,,,,,,,,,,,
0.09526284204772117,,,,,,,,,,,,,,,,,,,,
1.4012298039382989,,,,,,,,,,,,,,,,,,,,
-0.2892526294903534,,,,,,,,,,,,,,,,,,,,
-0.22343466589374603,,,,,,,,,,,,,,,,,,,,
0.4208885566835681,,,,,,,,,,,,,,,,,,,,
-1.2730579800922739,,,,,,,,,,,,,,,,,,,,
-0.08833463535334146,,,,,,,,,,,,,,,,,,,,
0.3897116265588594,,,,,,,,,,,,,,,,,,,,
-0.8920066119013892,,,,,,,,,,,,,,,,,,,,
-1.2141682231900464,,,,,,,,,,,,,,,,,,,,
-1.196847706454097,,,,,,,,,,,,,,,,,,,,
0.8920066119013892,,,,,,,,,,,,,,,,,,,,
1.498224697659615,,,,,,,,,,,,,,,,,,,,
-0.7950117181800731,,,,,,,,,,,,,,,,,,,,
-0.7395860646250353,,,,,,,,,,,,,,,,,,,,
-1.2799861867866535,,,,,,,,,,,,,,,,,,,,
-1.6991426917966268,,,,,,,,,,,,,,,,,,,,
-1.3665887704664001,,,,,,,,,,,,,,,,,,,,
-0.9335758520676676,,,,,,,,,,,,,,,,,,,,
1.297306703522603,,,,,,,,,,,,,,,,,,,,
-1.5640426612562222,,,,,,,,,,,,,,,,,,,,
-1.2176323265372362,,,,,,,,,,,,,,,,,,,,
0.11604746213086034,,,,,,,,,,,,,,,,,,,,
1.7129991051853863,,,,,,,,,,,,,,,,,,,,
0.6183424474733902,,,,,,,,,,,,,,,,,,,,
-1.6056119014225005,,,,,,,,,,,,,,,,,,,,
-0.21997056254655617,,,,,,,,,,,,,,,,,,,,
0.36546290312853036,,,,,,,,,,,,,,,,,,,,
-0.0017320516735949306,,,,,,,,,,,,,,,,,,,,
0.04330129183987326,,,,,,,,,,,,,,,,,,,,
1.1933836031069072,,,,,,,,,,,,,,,,,,,,
0.46245779684984645,,,,,,,,,,,,,,,,,,,,
0.38278341986447967,,,,,,,,,,,,,,,,,,,,
1.0617476759136923,,,,,,,,,,,,,,,,,,,,
1.4635836641877162,,,,,,,,,,,,,,,,,,,,
-1.498224697659615,,,,,,,,,,,,,,,,,,,,
-0.09179873870053132,,,,,,,,,,,,,,,,,,,,
-1.2869143934810334,,,,,,,,,,,,,,,,,,,,
0.45899369350265656,,,,,,,,,,,,,,,,,,,,
0.8123322349160224,,,,,,,,,,,,,,,,,,,,
1.1102451227743504,,,,,,,,,,,,,,,,,,,,
-0.43474497007232754,,,,,,,,,,,,,,,,,,,,
-1.0063220223586546,,,,,,,,,,,,,,,,,,,,
-0.3619987997813405,,,,,,,,,,,,,,,,,,,,
1.3561964604248307,,,,,,,,,,,,,,,,,,,,
-1.671429865019108,,,,,,,,,,,,,,,,,,,,
-1.12410153616311,,,,,,,,,,,,,,,,,,,,
0.3065731462263027,,,,,,,,,,,,,,,,,,,,
0.14029618556118936,,,,,,,,,,,,,,,,,,,,
-1.1067810194271606,,,,,,,,,,,,,,,,,,,,
-0.35507059308696076,,,,,,,,,,,,,,,,,,,,
1.6367888315472092,,,,,,,,,,,,,,,,,,,,
-0.4070321432948087,,,,,,,,,,,,,,,,,,,,
0.6876245144171874,,,,,,,,,,,,,,,,,,,,
1.0929246060384012,,,,,,,,,,,,,,,,,,,,
0.015588465062354374,,,,,,,,,,,,,,,,,,,,
-0.2268987692409359,,,,,,,,,,,,,,,,,,,,
-0.2511474926712649,,,,,,,,,,,,,,,,,,,,
0.7291937545834657,,,,,,,,,,,,,,,,,,,,
1.4774400775764758,,,,,,,,,,,,,,,,,,,,
-1.7129991051853863,,,,,,,,,,,,,,,,,,,,
-0.573309103959922,,,,,,,,,,,,,,,,,,,,
1.0167143324002241,,,,,,,,,,,,,,,,,,,,
-1.3076990135641726,,,,,,,,,,,,,,,,,,,,
-0.8261886483047819,,,,,,,,,,,,,,,,,,,,
1.3111631169113624,,,,,,,,,,,,,,,,,,,,
0.2753962161015939,,,,,,,,,,,,,,,,,,,,
0.012124361715164513,,,,,,,,,,,,,,,,,,,,
-0.47285010689141604,,,,,,,,,,,,,,,,,,,,
1.1344938462046794,,,,,,,,,,,,,,,,,,,,
-0.5940937240430612,,,,,,,,,,,,,,,,,,,,
-0.20265004581060686,,,,,,,,,,,,,,,,,,,,
1.4947605943124251,,,,,,,,,,,,,,,,,,,,
0.2546115960184548,,,,,,,,,,,,,,,,,,,,
-1.0444271591777432,,,,,,,,,,,,,,,,,,,,
1.2037759131484767,,,,,,,,,,,,,,,,,,,,
-1.4809041809236656,,,,,,,,,,,,,,,,,,,,
0.32735776630944186,,,,,,,,,,,,,,,,,,,,
0.673768101028428,,,,,,,,,,,,,,,,,,,,
-1.2245605332316158,,,,,,,,,,,,,,,,,,,,
-0.2823244227959737,,,,,,,,,,,,,,,,,,,,
0.6529834809452888,,,,,,,,,,,,,,,,,,,,
0.6806963077228076,,,,,,,,,,,,,,,,,,,,
-1.4012298039382989,,,,,,,,,,,,,,,,,,,,
-1.023642539094604,,,,,,,,,,,,,,,,,,,,
0.45552959015546673,,,,,,,,,,,,,,,,,,,,
0.48670652028017547,,,,,,,,,,,,,,,,,,,,
-1.096388709385591,,,,,,,,,,,,,,,,,,,,
0.5352039671408335,,,,,,,,,,,,,,,,,,,,
-0.9578245754979966,,,,,,,,,,,,,,,,,,,,
-0.09872694539491104,,,,,,,,,,,,,,,,,,,,
